Date,Value
2019-05-31,20.43
2019-01-01,19.6
2018-01-01,24.97
2017-01-01,23.59
2016-01-01,22.18
2015-01-01,20.02
2014-01-01,18.15
2013-01-01,17.03
2012-01-01,14.87
2011-01-01,16.3
2010-01-01,20.7
2009-01-01,70.91
2008-01-01,21.46
2007-01-01,17.36
2006-01-01,18.07
2005-01-01,19.99
2004-01-01,22.73
2003-01-01,31.43
2002-01-01,46.17
2001-01-01,27.55
2000-01-01,29.04
1999-01-01,32.92
1998-01-01,24.29
1997-01-01,19.53
1996-01-01,18.08
1995-01-01,14.89
1994-01-01,21.34
1993-01-01,22.5
1992-01-01,25.93
1991-01-01,15.35
1990-01-01,15.13
1989-01-01,11.82
1988-01-01,14.02
1987-01-01,18.01
1986-01-01,14.28
1985-01-01,10.36
1984-01-01,11.52
1983-01-01,11.48
1982-01-01,7.73
1981-01-01,9.02
1980-01-01,7.39
1979-01-01,7.88
1978-01-01,8.28
1977-01-01,10.41
1976-01-01,11.82
1975-01-01,8.3
1974-01-01,11.68
1973-01-01,18.09
1972-01-01,18.01
1971-01-01,18.12
1970-01-01,15.76
1969-01-01,17.65
1968-01-01,17.71
1967-01-01,15.31
1966-01-01,17.81
1965-01-01,18.75
1964-01-01,18.77
1963-01-01,17.66
1962-01-01,21.25
1961-01-01,18.6
1960-01-01,17.12
1959-01-01,18.77
1958-01-01,12.49
1957-01-01,13.34
1956-01-01,12.12
1955-01-01,12.56
1954-01-01,10.09
1953-01-01,10.86
1952-01-01,9.97
1951-01-01,7.48
1950-01-01,7.22
1949-01-01,6.62
1948-01-01,9.02
1947-01-01,13.46
1946-01-01,19.17
1945-01-01,14.35
1944-01-01,12.65
1943-01-01,9.67
1942-01-01,7.97
1941-01-01,10.02
1940-01-01,13.23
1939-01-01,18.84
1938-01-01,10.5
1937-01-01,16.75
1936-01-01,17.87
1935-01-01,16.25
1934-01-01,23.73
1933-01-01,17.19
1932-01-01,13.99
1931-01-01,17.0
1930-01-01,13.94
1929-01-01,17.77
1928-01-01,15.47
1927-01-01,10.9
1926-01-01,10.13
1925-01-01,11.06
1924-01-01,9.05
1923-01-01,12.46
1922-01-01,22.58
1921-01-01,9.39
1920-01-01,9.61
1919-01-01,7.97
1918-01-01,5.74
1917-01-01,6.34
1916-01-01,9.99
1915-01-01,13.6
1914-01-01,13.48
1913-01-01,13.4
1912-01-01,15.22
1911-01-01,12.91
1910-01-01,13.31
1909-01-01,15.23
1908-01-01,10.49
1907-01-01,12.72
1906-01-01,14.57
1905-01-01,16.69
1904-01-01,12.68
1903-01-01,13.61
1902-01-01,15.9
1901-01-01,14.68
1900-01-01,12.71
1899-01-01,16.85
1898-01-01,15.58
1897-01-01,19.33
1896-01-01,17.31
1895-01-01,25.37
1894-01-01,17.16
1893-01-01,15.55
1892-01-01,16.09
1891-01-01,16.45
1890-01-01,17.98
1889-01-01,19.9
1888-01-01,15.1
1887-01-01,16.78
1886-01-01,18.91
1885-01-01,13.82
1884-01-01,13.2
1883-01-01,13.59
1882-01-01,13.48
1881-01-01,12.74
1880-01-01,13.13
1879-01-01,11.34
1878-01-01,10.8
1877-01-01,12.6
1876-01-01,12.62
1875-01-01,10.05
1874-01-01,10.13
1873-01-01,11.82
1872-01-01,12.07
1871-01-01,11.1
